lidar_std, slam_std
0.00, 0.011196964
0.02, 0.013062978
0.04, 0.017504626
0.06, 0.038035856
0.08, 0.046221701
0.10, 0.055313854
