lidar_std, slam_std
0.00, 0.017187088
0.02, 0.021093414
0.04, 0.028636843
0.06, 0.026827639
0.08, 0.037105003
0.10, 0.032219076
